Fund Name,P1,P2,P3,P4,P5,Topsis Score,Rank
M1,0.65,0.42,5.3,43.8,12.54,0.4618456774567571,5
M2,0.94,0.88,4.0,61.5,16.83,0.572636263586348,4
M3,0.72,0.52,3.2,69.7,18.54,0.2047809027039084,7
M4,0.89,0.79,5.4,49.0,14.02,0.7358988452287807,2
M5,0.75,0.56,6.9,49.4,14.4,0.6176784367330967,3
M6,0.6,0.36,4.2,68.3,18.37,0.14079206188573495,8
M7,0.89,0.79,6.7,44.6,13.25,0.8760675842341177,1
M8,0.79,0.62,3.8,51.7,14.23,0.45482906389618694,6
